Ordem Carga;Logística Ent.;CNPJ;Nº Nota;Cliente;Cidade.;U.F;Vlr. Nota;Dt. Conf.;Faturamento;Data Chegada Opl.;Data Agendamento;Obs. Logística;Entrega
2401;CARRARO ARMAZENS GERAIS LTDA;26096165000100;7967;L G R COMERCIO DE PRESENTES LTDA;GUARAPUAVA;PR;2246,15;31/03/2026 08:40:02;31/03/2026;31/03/2026;09/04/2026 00:00:00;;08/04/2026
2411;CARRARO ARMAZENS GERAIS LTDA;76430438011106;8022;MUFFATO  - COLOMBO LJ 111;COLOMBO;PR;18182,89;31/03/2026 08:28:29;31/03/2026;31/03/2026;14/04/2026 00:00:00;AGUARDANDO AGENDAMENTO DO CLIENTE;14/04/2026
2407;CARRARO ARMAZENS GERAIS LTDA;04014412000131;7929;BOM DIA COM. DE ALIM. E LOGÍSTICA LTDA;MARINGA;PR;6421,97;26/03/2026 13:29:47;31/03/2026;31/03/2026;13/04/2026 00:00:00;;13/04/2026
2375;CARRARO ARMAZENS GERAIS LTDA;48710902000148;7867;MALU IND E COM DE ALIMENTOS LTDA;APUCARANA;PR;13586,24;23/03/2026 12:01:35;25/03/2026;24/03/2026;03/04/2026 00:00:00;Aguardando previsão de agenda no OPL;06/04/2026
2350;CARRARO ARMAZENS GERAIS LTDA;03644587000402;7789;SANCHES E VECCHIATE LTDA BOX ATACADISTA;ARAPONGAS;PR;1706,43;12/03/2026 18:16:23;16/03/2026;16/03/2026;30/03/2026 00:00:00;;30/03/2026
2402;CARRARO ARMAZENS GERAIS LTDA;47216305000107;7916;H. G. COMERCIO DE DOCES LTDA;RONDON;PR;4394,86;24/03/2026 13:55:10;31/03/2026;31/03/2026;09/04/2026 00:00:00;EM ROTA;09/04/2026
2409;CARRARO ARMAZENS GERAIS LTDA;07732518000320;7980;ZANTARA UTIL DOMESTICAS E PRES. LTDA;TOLEDO;PR;1721,66;31/03/2026 08:41:12;31/03/2026;31/03/2026;14/04/2026 00:00:00;;14/04/2026
2320;CARRARO ARMAZENS GERAIS LTDA;22938907000139;7635;REAL MIX ARAPONGAS COM ALIM E UTIL DOM;ARAPONGAS;PR;6350,81;27/02/2026 14:32:24;28/02/2026;03/03/2026;13/03/2026 00:00:00;;12/03/2026
2320;CARRARO ARMAZENS GERAIS LTDA;46494494000109;7663;REAL LAR - LOJA 01 MARINGA;MARINGA;PR;2066,42;27/02/2026 14:33:09;28/02/2026;03/03/2026;;;13/03/2026
2342;CARRARO ARMAZENS GERAIS LTDA;06057223045353;7755;SENDAS-LJ215 MARIN SEMIN GLEBA PATRIMONI;MARINGA;PR;5709,03;10/03/2026 07:58:17;12/03/2026;11/03/2026;19/03/2026 00:00:00;;18/03/2026
2413;CARRARO ARMAZENS GERAIS LTDA;07732518000401;8054;ZANTARA UTIL DOMESTICAS E PRESEN. LTDA;MARINGA;PR;4744,79;31/03/2026 08:41:59;01/04/2026;01/04/2026;10/04/2026 00:00:00;;08/04/2026
2413;CARRARO ARMAZENS GERAIS LTDA;07732518001211;8061;ZANTARA UTILIDADES DOMESTICAS E PRESENTE;CAMPO MOURAO;PR;3656,17;31/03/2026 08:44:06;01/04/2026;01/04/2026;10/04/2026 00:00:00;Entregue. Pendente canhoto.;13/04/2026
2414;CARRARO ARMAZENS GERAIS LTDA;77698017000601;8063;GCA - DISTRIBUIDORA COMERCIAL DE ALIMENT;MANDAGUARI;PR;1295,79;31/03/2026 17:17:58;01/04/2026;01/04/2026;10/04/2026 00:00:00;;09/04/2026
2337;CARRARO ARMAZENS GERAIS LTDA;76430438012340;7739;IRMAOS MUFFATO S.A-LONDRINA LJ123;LONDRINA;PR;1422,03;02/03/2026 09:55:22;11/03/2026;11/03/2026;18/03/2026 00:00:00;Solicitando agendamento.;18/03/2026
2350;CARRARO ARMAZENS GERAIS LTDA;03644587000755;7787;SANCHES E VECCHIATE - APUCARANA - LJ 9;APUCARANA;PR;5599,44;12/03/2026 18:11:18;16/03/2026;13/03/2026;27/03/2026 00:00:00;;27/03/2026
2411;CARRARO ARMAZENS GERAIS LTDA;76430438011025;8003;MUFFATO - LJ110 - CAMBÉ;CAMBÉ;PR;3616,01;31/03/2026 08:27:49;31/03/2026;31/03/2026;13/04/2026 00:00:00;Faturado pela Matriz, entrega pela Carraro;13/04/2026
2349;CARRARO ARMAZENS GERAIS LTDA;76430438008580;7805;IRMAOS MUFFATO CIA LTDA;ARAPONGAS;PR;7349,15;16/03/2026 11:42:54;17/03/2026;17/03/2026;27/03/2026 00:00:00;;27/03/2026
2320;CARRARO ARMAZENS GERAIS LTDA;46528955000117;7662;REAL LAR CAMPO MOURAO- HARRISON J BORGES;CAMPO MOURAO;PR;4936,31;27/02/2026 14:01:46;28/02/2026;03/03/2026;13/03/2026 00:00:00;;13/03/2026
2320;CARRARO ARMAZENS GERAIS LTDA;76430438005726;7648;MUFFATO E CIA LTDA-CASCAVEL LOJA 57;CASCAVEL;PR;734,91;27/02/2026 08:49:54;28/02/2026;02/03/2026;13/03/2026 00:00:00;;16/03/2026
2323;CARRARO ARMAZENS GERAIS LTDA;76430438006617;7599;MUFFATO - CASCAVEL - LOJA 66;CASCAVEL;PR;10569,18;28/02/2026 07:55:22;28/02/2026;02/03/2026;20/03/2026 00:00:00;Aguardando reagenda;23/03/2026
2320;CARRARO ARMAZENS GERAIS LTDA;50801855000190;7651;REAL LIMA PATO BRANCO LTDA;PATO BRANCO;PR;3664,79;27/02/2026 14:01:49;28/02/2026;03/03/2026;13/03/2026 00:00:00;;13/03/2026
2381;CARRARO ARMAZENS GERAIS LTDA;75315333017265;7876;ATACADAO CASCAVEL-PRES. TANCREDO NEVES;CASCAVEL;PR;68068,79;18/03/2026 17:18:11;26/03/2026;26/03/2026;13/04/2026 00:00:00;Aguardando previsão de agenda com o OPL;14/04/2026
2320;CARRARO ARMAZENS GERAIS LTDA;07732518001483;7665;LOJAS G;PARANAVAÍ;PR;2123,29;27/02/2026 08:40:43;28/02/2026;03/03/2026;18/03/2026 00:00:00;;18/03/2026
2323;CARRARO ARMAZENS GERAIS LTDA;76430438003782;7620;MUFFATO -  LONDRINA - LOJA 37;LONDRINA;PR;7386,19;28/02/2026 07:43:55;28/02/2026;03/03/2026;13/03/2026 00:00:00;aguardando agendamento opl;13/03/2026
2337;CARRARO ARMAZENS GERAIS LTDA;76430438006617;7743;MUFFATO - CASCAVEL - LOJA 66;CASCAVEL;PR;1015,74;02/03/2026 09:35:27;11/03/2026;11/03/2026;20/03/2026 00:00:00;Solicitando agendamento.;23/03/2026
2323;CARRARO ARMAZENS GERAIS LTDA;76430438011459;7616;IRMAOS MUFFATO E CIA -CIANORTE LJ 114;CIANORTE;PR;13560,33;28/02/2026 07:41:27;28/02/2026;03/03/2026;12/03/2026 00:00:00;Aguardando confirmação de entrega do operador.;12/03/2026
2406;CARRARO ARMAZENS GERAIS LTDA;77698017000199;7928;GCA - DISTRIBUIDORA COM DE ALIMENTOS LTD;MARINGA;PR;1863,18;31/03/2026 08:58:47;31/03/2026;31/03/2026;09/04/2026 00:00:00;;09/04/2026
2350;CARRARO ARMAZENS GERAIS LTDA;03644587002022;7791;SANCHES E VECCHIATE LTDA;TIBAGI;PR;4046,79;12/03/2026 18:06:26;16/03/2026;16/03/2026;23/03/2026 00:00:00;;20/03/2026
2406;CARRARO ARMAZENS GERAIS LTDA;11381758000133;7927;COMERCIAL FAYAD;FOZ DO IGUAÇU;PR;16024,72;30/03/2026 11:13:38;31/03/2026;31/03/2026;09/04/2026 00:00:00;;09/04/2026
2320;CARRARO ARMAZENS GERAIS LTDA;07732518000835;7655;LOJAS G - JD. BELVAL - BARUERI;MARINGA;PR;3978;27/02/2026 08:40:40;28/02/2026;03/03/2026;13/03/2026 00:00:00;;12/03/2026
2353;CARRARO ARMAZENS GERAIS LTDA;57605413000117;7823;MULTI MIX DIS DE ALIMENTOS LTDA;PATO BRANCO;PR;1145,85;16/03/2026 09:32:11;17/03/2026;17/03/2026;25/03/2026 00:00:00;;24/03/2026
2357;CARRARO ARMAZENS GERAIS LTDA;76430438011610;7840;MUFFATO E CIA LTDA-PONTA GROSSA LJ 116;PONTA GROSSA;PR;3674,57;17/03/2026 07:34:53;20/03/2026;24/03/2026;31/03/2026 00:00:00;;31/03/2026
2323;CARRARO ARMAZENS GERAIS LTDA;76430438011025;7613;MUFFATO - LJ110 - CAMBÉ;CAMBÉ;PR;6326,96;28/02/2026 07:42:41;28/02/2026;03/03/2026;11/03/2026 00:00:00;aguardando agendamento opl;11/03/2026
2320;CARRARO ARMAZENS GERAIS LTDA;07732518000169;7636;GIGA-LOJAS G;MARINGA;PR;1607,35;27/02/2026 08:40:54;28/02/2026;02/03/2026;09/03/2026 00:00:00;;09/03/2026
2401;CARRARO ARMAZENS GERAIS LTDA;77698017001241;7971;GCA DISTRIBUIDORA COMERCIO DE ALIMENTOS;PAIÇANDU;PR;3650,34;31/03/2026 09:01:17;31/03/2026;31/03/2026;10/04/2026 00:00:00;;09/04/2026
2336;CARRARO ARMAZENS GERAIS LTDA;75315333026175;7724;ATACADAO S.A - UMUARAMA-PORTUGAL;UMUARAMA;PR;4296,21;02/03/2026 12:05:14;11/03/2026;11/03/2026;18/03/2026 00:00:00;OPL informou que voltou para a filial, não serão entregues;25/03/2026
2385;CARRARO ARMAZENS GERAIS LTDA;93209765037037;7887;ATACADAO-PINHAIS JOÃO LEOPOLDO JACOMEL;PINHAIS;PR;31976,84;18/03/2026 16:54:11;27/03/2026;27/03/2026;31/03/2026 00:00:00;;31/03/2026
2349;CARRARO ARMAZENS GERAIS LTDA;76430438015284;7817;IRMAOS MUFFATO S.A;CASTRO;PR;3674,57;16/03/2026 11:53:21;17/03/2026;17/03/2026;02/04/2026 00:00:00;Aguardando agendamento;02/04/2026
2323;CARRARO ARMAZENS GERAIS LTDA;76430438005998;7618;SUPER MUFFATO - CAMBE LOJA 59;CAMBÉ;PR;5931,64;28/02/2026 07:45:26;28/02/2026;03/03/2026;13/03/2026 00:00:00;aguardando agendamento opl;12/03/2026
2407;CARRARO ARMAZENS GERAIS LTDA;77698017000784;7932;GCA - DISTRIBUIDORA COMERCIAL DE ALIMENT;NOVA ESPERANCA;PR;1585,71;31/03/2026 09:00:55;31/03/2026;31/03/2026;10/04/2026 00:00:00;;10/04/2026
2406;CARRARO ARMAZENS GERAIS LTDA;29708564000165;7926;AMARAL COMERCIO DE GENEROS ALIM LTDA;SANTA FÉ;PR;2843,67;27/03/2026 10:22:33;31/03/2026;31/03/2026;09/04/2026 00:00:00;;13/04/2026
2411;CARRARO ARMAZENS GERAIS LTDA;76430438007508;8018;MUFFATO - CURITIBA - BAIRRO ALTO LOJA 75;CURITIBA;PR;4843,56;31/03/2026 08:28:20;31/03/2026;31/03/2026;09/04/2025 00:00:00;Faturado pela Matriz, entrega pela Carraro;09/04/2026
2349;CARRARO ARMAZENS GERAIS LTDA;76430438006021;7812;IRMAO MUFFATO E CIA LTDA-APUCARANA LJ60;APUCARANA;PR;3674,57;16/03/2026 11:44:41;17/03/2026;17/03/2026;27/03/2026 00:00:00;;30/03/2026
2386;CARRARO ARMAZENS GERAIS LTDA;93209765026345;7893;ATACADÃO - 855 CURITIBA WINSTON CHURCHIL;CURITIBA;PR;37870,1;18/03/2026 17:08:52;28/03/2026;28/03/2026;07/04/2026 00:00:00;Aguardando previsão de agenda com o OPL;07/04/2026
2320;CARRARO ARMAZENS GERAIS LTDA;43765795000131;7650;J. SOUZA ALIMENTICIOS LTDA;CASCAVEL;PR;28245,8;27/02/2026 15:20:27;28/02/2026;03/03/2026;13/03/2026 00:00:00;;12/03/2026
2336;CARRARO ARMAZENS GERAIS LTDA;76430438008580;7721;IRMAOS MUFFATO CIA LTDA;ARAPONGAS;PR;4605,9;02/03/2026 09:42:29;11/03/2026;11/03/2026;20/03/2026 00:00:00;Sem saldo no portal;20/03/2026
2323;CARRARO ARMAZENS GERAIS LTDA;76430438015284;7623;IRMAOS MUFFATO S.A;CASTRO;PR;7637,41;28/02/2026 07:51:37;28/02/2026;;12/03/2026 00:00:00;aguardando agendamento opl;12/03/2026
2413;CARRARO ARMAZENS GERAIS LTDA;05277526000137;8052;D.M.F COMERCIO DE PRESENTES LTDA;APUCARANA;PR;1218,88;31/03/2026 10:45:48;01/04/2026;01/04/2026;10/04/2026 00:00:00;;08/04/2026
2320;CARRARO ARMAZENS GERAIS LTDA;76430438010215;7632;MUFFATO - TOLEDO LOJA 102;TOLEDO;PR;587,93;27/02/2026 08:42:07;28/02/2026;02/03/2026;18/03/2026 00:00:00;;18/03/2026
2320;CARRARO ARMAZENS GERAIS LTDA;07732518000754;7653;ZANTARA UTILIDADES;APUCARANA;PR;2878,21;27/02/2026 08:40:24;28/02/2026;03/03/2026;23/03/2026 00:00:00;;23/03/2026
2411;CARRARO ARMAZENS GERAIS LTDA;76430438009209;8014;MUFFATO - PONTA GROSSA - LOJA 92;PONTA GROSSA;PR;6192,45;31/03/2026 07:45:30;31/03/2026;31/03/2026;10/04/2026 00:00:00;Faturado pela Matriz, entrega pela Carraro;10/04/2026
2349;CARRARO ARMAZENS GERAIS LTDA;76430438012005;7813;MUFFATO M.AL CANDIDO RONDON LJ 120;M.AL CANDIDO RONDON;PR;3674,57;16/03/2026 11:30:36;17/03/2026;17/03/2026;27/03/2026 00:00:00;;27/03/2026
2320;CARRARO ARMAZENS GERAIS LTDA;07732518000320;7642;ZANTARA UTIL DOMESTICAS E PRES. LTDA;TOLEDO;PR;990,78;27/02/2026 08:40:34;28/02/2026;03/03/2026;13/03/2026 00:00:00;;13/03/2026
2403;CARRARO ARMAZENS GERAIS LTDA;80221013000472;7921;SUPERMERCADOS TOZETTO;PONTA GROSSA;PR;2320,3;26/03/2026 14:01:24;31/03/2026;31/03/2026;07/04/2026 00:00:00;;07/04/2026
2400;CARRARO ARMAZENS GERAIS LTDA;60015322000136;7912;REAL LAR - LOJA 09 PONTA GROSSA;PONTA GROSSA;PR;2979,59;26/03/2026 08:29:13;31/03/2026;31/03/2026;07/04/2026 00:00:00;;07/04/2026
2336;CARRARO ARMAZENS GERAIS LTDA;75315333013510;7729;ATACADAO-PONTA GROSSA-VISCONDE DE TAUNAY;PONTA GROSSA;PR;7899,52;02/03/2026 09:35:19;11/03/2026;11/03/2026;16/03/2026 00:00:00;Operador solicitando agendamento.;16/03/2026
2401;CARRARO ARMAZENS GERAIS LTDA;26570059000109;7969;LOJAS G;LONDRINA;PR;1666,6;31/03/2026 08:38:34;31/03/2026;31/03/2026;10/04/2026 00:00:00;;13/04/2026
2386;CARRARO ARMAZENS GERAIS LTDA;75315333024636;7892;ATACADÃO S.A CURITIBA CD-BR-116 -ALTO;CURITIBA;PR;24647,05;18/03/2026 17:43:15;28/03/2026;28/03/2026;13/04/2026 00:00:00;Aguardando previsão de agenda com o OPL;13/04/2026
2349;CARRARO ARMAZENS GERAIS LTDA;76430438009470;7808;MUFFATO -CASCAVEL - LOJA 94;CASCAVEL;PR;3674,57;16/03/2026 11:33:34;17/03/2026;17/03/2026;25/03/2026 00:00:00;;25/03/2026
2411;CARRARO ARMAZENS GERAIS LTDA;76430438009128;8006;MUFFATO - ARAUCARIA - LOJA 91;ARAUCÁRIA;PR;10812,23;31/03/2026 08:27:57;31/03/2026;31/03/2026;17/04/2026 00:00:00;AG. CARREGAMENTO;17/04/2026
2337;CARRARO ARMAZENS GERAIS LTDA;76430438011459;7738;IRMAOS MUFFATO E CIA -CIANORTE LJ 114;CIANORTE;PR;270,28;02/03/2026 09:35:41;11/03/2026;11/03/2026;19/03/2026 00:00:00;Solicitando agendamento.;19/03/2026
2411;CARRARO ARMAZENS GERAIS LTDA;76430438006021;8034;IRMAO MUFFATO E CIA LTDA-APUCARANA LJ60;APUCARANA;PR;7730,03;31/03/2026 08:28:54;31/03/2026;31/03/2026;13/04/2026 00:00:00;Faturado pela Matriz, entrega pela Carraro;13/04/2026
2323;CARRARO ARMAZENS GERAIS LTDA;76430438009209;7622;MUFFATO - PONTA GROSSA - LOJA 92;PONTA GROSSA;PR;12237,9;28/02/2026 07:48:19;28/02/2026;;19/03/2026 00:00:00;aguardando agendamento opl;20/03/2026
2323;CARRARO ARMAZENS GERAIS LTDA;76430438008660;7600;MUFFATO - FOZ DO IGUACU - LOJA 86;FOZ DO IGUAÇU;PR;11950,67;28/02/2026 07:31:18;28/02/2026;02/03/2026;11/03/2026 00:00:00;12032026;11/03/2026
2350;CARRARO ARMAZENS GERAIS LTDA;03644587000240;7786;SANCHES E VECCHIATE - ARAPONGAS LJ 2;ARAPONGAS;PR;5352,14;12/03/2026 18:18:15;16/03/2026;13/03/2026;27/03/2026 00:00:00;Entregue. Pendente canhoto;27/03/2026
2402;CARRARO ARMAZENS GERAIS LTDA;06057223034904;7913;SENDAS-LJ 162 LOND-SAUL CONJ.VIVI XAVIER;LONDRINA;PR;1091,68;25/03/2026 16:14:15;31/03/2026;31/03/2026;09/04/2026 00:00:00;;09/04/2026
2320;CARRARO ARMAZENS GERAIS LTDA;26096165000100;7639;L G R COMERCIO DE PRESENTES LTDA;GUARAPUAVA;PR;1221,61;27/02/2026 08:40:48;28/02/2026;02/03/2026;11/03/2026 00:00:00;;12/03/2026
2349;CARRARO ARMAZENS GERAIS LTDA;76430438005998;7815;SUPER MUFFATO - CAMBE LOJA 59;CAMBÉ;PR;3674,57;16/03/2026 11:44:15;17/03/2026;17/03/2026;25/03/2026 00:00:00;;25/03/2026
2323;CARRARO ARMAZENS GERAIS LTDA;76430438007427;7617;MUFFATO -LONDRINA AM DEOLINDO GARLA LJ74;LONDRINA;PR;9512,26;28/02/2026 07:42:06;28/02/2026;03/03/2026;13/03/2026 00:00:00;aguardando agendamento opl;12/03/2026
2349;CARRARO ARMAZENS GERAIS LTDA;76430438002549;7814;MUFFATO -  FOZ DO IGUACU - LOJA 25;FOZ DO IGUAÇU;PR;3674,57;16/03/2026 11:35:30;17/03/2026;17/03/2026;27/03/2026 00:00:00;;27/03/2026
2320;CARRARO ARMAZENS GERAIS LTDA;07732518000240;7641;ZANTARA UTILID DOM E PRESENTES LTDA;PONTA GROSSA;PR;1473,85;27/02/2026 08:40:37;28/02/2026;03/03/2026;13/03/2026 00:00:00;;13/03/2026
2414;CARRARO ARMAZENS GERAIS LTDA;77698017002051;8062;GCA DISTRIBUIDORA COMERCIAL DE ALIMENT;MARIALVA;PR;2784,92;31/03/2026 22:54:14;01/04/2026;01/04/2026;10/04/2026 00:00:00;;
2357;CARRARO ARMAZENS GERAIS LTDA;76430438011025;7839;MUFFATO - LJ110 - CAMBÉ;CAMBÉ;PR;3674,57;17/03/2026 07:33:04;20/03/2026;24/03/2026;01/04/2026 00:00:00;;01/04/2026
2357;CARRARO ARMAZENS GERAIS LTDA;76430438009128;7837;MUFFATO - ARAUCARIA - LOJA 91;ARAUCÁRIA;PR;7349,15;16/03/2026 11:56:11;20/03/2026;24/03/2026;27/03/2026 00:00:00;;27/03/2026
2320;CARRARO ARMAZENS GERAIS LTDA;30116319000148;7633;REAL MIX TOLEDO - COMERCIO DE ALIMENTOS;TOLEDO;PR;8026,8;27/02/2026 14:01:56;28/02/2026;03/03/2026;13/03/2026 00:00:00;;13/03/2026
2320;CARRARO ARMAZENS GERAIS LTDA;76430438015799;7661;IRMAOS MUFFATO S.A;UMUARAMA;PR;2204,74;27/02/2026 08:42:23;28/02/2026;02/03/2026;11/03/2026 00:00:00;;04/03/2026
2320;CARRARO ARMAZENS GERAIS LTDA;07732518001130;7657;ZANTARA UTILIDADES DOM E PRES LTDA;LONDRINA;PR;1038,46;27/02/2026 08:40:21;28/02/2026;03/03/2026;31/03/2026 00:00:00;Aguardando reagenda;01/04/2026
2349;CARRARO ARMAZENS GERAIS LTDA;76430438009209;7807;MUFFATO - PONTA GROSSA - LOJA 92;PONTA GROSSA;PR;3674,57;16/03/2026 11:33:57;17/03/2026;17/03/2026;30/03/2026 00:00:00;;27/03/2026
2323;CARRARO ARMAZENS GERAIS LTDA;76430438015799;7615;IRMAOS MUFFATO S.A;UMUARAMA;PR;7666,15;28/02/2026 07:41:09;28/02/2026;03/03/2026;12/03/2026 00:00:00;aguardando agendamento opl;12/03/2026
2323;CARRARO ARMAZENS GERAIS LTDA;76430438014636;7624;IRMAOS MUFFATO - PTA GROSSA OFICINAS 146;PONTA GROSSA;PR;8182,62;28/02/2026 07:52:07;28/02/2026;03/03/2026;17/03/2026 00:00:00;aguardando agendamento opl;17/03/2026
2320;CARRARO ARMAZENS GERAIS LTDA;76430438009470;7631;MUFFATO -CASCAVEL - LOJA 94;CASCAVEL;PR;881,9;27/02/2026 08:42:05;28/02/2026;02/03/2026;13/03/2026 00:00:00;;13/03/2026
2349;CARRARO ARMAZENS GERAIS LTDA;76430438008660;7804;MUFFATO - FOZ DO IGUACU - LOJA 86;FOZ DO IGUAÇU;PR;3674,57;16/03/2026 11:34:20;17/03/2026;17/03/2026;25/03/2026 00:00:00;;26/03/2026
2342;CARRARO ARMAZENS GERAIS LTDA;76430438009390;7753;MUFFATO - ROLANDIA LOJA 93;ROLÂNDIA;PR;1407,36;02/03/2026 09:54:05;12/03/2026;12/03/2026;;Aguardando previsão de agendamento do OPL;23/03/2026
2403;CARRARO ARMAZENS GERAIS LTDA;80221013000634;7919;SUPERMERCADOS TOZETTO;CASTRO;PR;1159,6;26/03/2026 14:00:48;31/03/2026;31/03/2026;08/04/2026 00:00:00;;09/04/2026
2357;CARRARO ARMAZENS GERAIS LTDA;76430438007699;7847;IRMAOS MUFFATO CIA LTDA;CURITIBA;PR;7349,15;16/03/2026 11:52:58;20/03/2026;24/03/2026;30/03/2026 00:00:00;;30/03/2026
2336;CARRARO ARMAZENS GERAIS LTDA;75315333022773;7722;ATACADAO S.A MARINGÁ-CRISTOVAO COLOMBO;MARINGA;PR;2864,13;02/03/2026 12:05:17;11/03/2026;11/03/2026;18/03/2026 00:00:00;OPL informou que voltou para a filial, não serão entregues;25/03/2026
2336;CARRARO ARMAZENS GERAIS LTDA;93209765050645;7726;ATACADAO S.A-UMUARAMA PARQUE DANIELLE;UMUARAMA;PR;2864,13;02/03/2026 12:05:15;11/03/2026;11/03/2026;18/03/2026 00:00:00;OPL informou que voltou para a filial, não serão entregues;25/03/2026
2381;CARRARO ARMAZENS GERAIS LTDA;75315333017184;7875;ATACADAO -LONDRINA- BAIRRO IDEAL;LONDRINA;PR;46329,4;18/03/2026 17:16:17;26/03/2026;26/03/2026;31/03/2026 00:00:00;;31/03/2026
2407;CARRARO ARMAZENS GERAIS LTDA;76787902000181;7930;DISTRIBUIDORA DE DOCÊS JESUÍTAS LTDA;JESUITAS;PR;9100,11;30/03/2026 10:23:39;31/03/2026;31/03/2026;10/04/2026 00:00:00;;10/04/2026
2411;CARRARO ARMAZENS GERAIS LTDA;76430438007427;8040;MUFFATO -LONDRINA AM DEOLINDO GARLA LJ74;LONDRINA;PR;4458,46;31/03/2026 08:29:07;31/03/2026;31/03/2026;13/04/2026 00:00:00;Faturado pela Matriz, entrega pela Carraro;13/04/2026
2336;CARRARO ARMAZENS GERAIS LTDA;76430438006021;7733;IRMAO MUFFATO E CIA LTDA-APUCARANA LJ60;APUCARANA;PR;2031,47;02/03/2026 09:54:48;11/03/2026;11/03/2026;20/03/2026 00:00:00;Entregue. Sem comprovante;20/03/2026
2320;CARRARO ARMAZENS GERAIS LTDA;07732518000401;7643;ZANTARA UTIL DOMESTICAS E PRESEN. LTDA;MARINGA;PR;3855,94;27/02/2026 08:40:30;28/02/2026;03/03/2026;;;13/03/2026
2320;CARRARO ARMAZENS GERAIS LTDA;57023014000148;7659;LOJA REAL LIMA;MEDIANEIRA;PR;2325,09;27/02/2026 14:31:49;28/02/2026;03/03/2026;13/03/2026 00:00:00;;13/03/2026
2337;CARRARO ARMAZENS GERAIS LTDA;76430438015012;7741;IRMAOS MUFFATO S.A;FOZ DO IGUAÇU;PR;4094,13;02/03/2026 09:35:31;11/03/2026;11/03/2026;20/03/2026 00:00:00;Solicitando agendamento.;20/03/2026
2323;CARRARO ARMAZENS GERAIS LTDA;76430438015527;7610;IRMAOS MUFFATO S.A;GUAÍRA;PR;10122,85;28/02/2026 07:35:37;28/02/2026;03/03/2026;23/03/2026 00:00:00;Aguardando confirmação de agenda;23/03/2026
2357;CARRARO ARMAZENS GERAIS LTDA;76430438012340;7842;IRMAOS MUFFATO S.A-LONDRINA LJ123;LONDRINA;PR;3674,57;17/03/2026 07:33:40;20/03/2026;24/03/2026;08/04/2026 00:00:00;;08/04/2026
2320;CARRARO ARMAZENS GERAIS LTDA;20678424000117;7638;H L COMERCIO PRESENTES LTDA;CAMPO MOURAO;PR;2166,94;27/02/2026 08:40:51;28/02/2026;02/03/2026;11/03/2026 00:00:00;;13/03/2026
2337;CARRARO ARMAZENS GERAIS LTDA;76430438010215;7737;MUFFATO - TOLEDO LOJA 102;TOLEDO;PR;1422,03;02/03/2026 09:35:47;11/03/2026;11/03/2026;19/03/2026 00:00:00;Solicitando agendamento.;23/03/2026
2389;CARRARO ARMAZENS GERAIS LTDA;93209765012980;7894;ATACADAO -CURITIBA -MARECHAL FLORIANO;CURITIBA;PR;37157,07;18/03/2026 17:43:31;28/03/2026;28/03/2026;31/03/2026 00:00:00;;31/03/2026
2337;CARRARO ARMAZENS GERAIS LTDA;76430438015284;7742;IRMAOS MUFFATO S.A;CASTRO;PR;639,71;02/03/2026 09:35:30;11/03/2026;11/03/2026;02/04/2026 00:00:00;Operador solicitando agendamento.;02/04/2026
2323;CARRARO ARMAZENS GERAIS LTDA;76430438006021;7611;IRMAO MUFFATO E CIA LTDA-APUCARANA LJ60;APUCARANA;PR;9168,86;28/02/2026 07:41:45;28/02/2026;03/03/2026;13/03/2026 00:00:00;aguardando agendamento opl;13/03/2026
2323;CARRARO ARMAZENS GERAIS LTDA;76430438011297;7605;MUFFATO  - MEDIANEIRA LJ 112;MEDIANEIRA;PR;13681,51;28/02/2026 07:33:59;28/02/2026;02/03/2026;18/03/2026 00:00:00;Aguardando confirmação de agenda;18/03/2026
2402;CARRARO ARMAZENS GERAIS LTDA;80221013000120;7915;SUPERMERCADOS TOZETTO;PONTA GROSSA;PR;637,04;26/03/2026 14:00:27;31/03/2026;31/03/2026;07/04/2026 00:00:00;;07/04/2026
2349;CARRARO ARMAZENS GERAIS LTDA;76430438010991;7810;MUFFATO  - FCO BELTRAO LJ 109;FRANCISCO BELTRÃO;PR;3674,57;16/03/2026 11:32:44;17/03/2026;17/03/2026;27/03/2026 00:00:00;;27/03/2026
2350;CARRARO ARMAZENS GERAIS LTDA;06261771000461;7790;ALLMAYER SUPERMERCADOS LTDA;CASCAVEL;PR;3527,99;13/03/2026 15:33:41;16/03/2026;16/03/2026;24/03/2026 00:00:00;;19/03/2026
2336;CARRARO ARMAZENS GERAIS LTDA;75984906000197;7728;COAGRO COOPERATIVA AGROINDUSTRIAL;CAPANEMA;PR;4273,66;03/03/2026 15:22:35;11/03/2026;11/03/2026;18/03/2026 00:00:00;;17/03/2026
2323;CARRARO ARMAZENS GERAIS LTDA;76430438010215;7603;MUFFATO - TOLEDO LOJA 102;TOLEDO;PR;8941,62;28/02/2026 07:33:23;28/02/2026;02/03/2026;23/03/2026 00:00:00;Aguardando status do operador;23/03/2026
2411;CARRARO ARMAZENS GERAIS LTDA;76430438007001;8015;MUFFATO -  CURITIBA PINHEIRO - LOJA 70;CURITIBA;PR;4892,27;31/03/2026 07:46:14;31/03/2026;31/03/2026;15/04/2026 00:00:00;Faturado pela Matriz, entrega pela Carraro;15/04/2026
2375;CARRARO ARMAZENS GERAIS LTDA;75315333026175;7865;ATACADAO S.A - UMUARAMA-PORTUGAL;UMUARAMA;PR;65670,63;18/03/2026 17:22:43;25/03/2026;25/03/2026;07/04/2026 00:00:00;Aguardando previsão de agenda com o OPL;07/04/2026
2386;CARRARO ARMAZENS GERAIS LTDA;75315333022269;7891;ATACADAO-SÃO JOSE DOS PINHAIS-AGUAS BELA;SAO JOSE DOS PINHAISS;PR;55098,81;18/03/2026 16:55:40;28/03/2026;28/03/2026;;;31/03/2026
2337;CARRARO ARMAZENS GERAIS LTDA;76430438014474;7740;IRMAOS MUFFATO S.A - LOJA 144;FOZ DO IGUAÇU;PR;2437,77;02/03/2026 09:46:29;11/03/2026;11/03/2026;18/03/2026 00:00:00;Solicitando agendamento.;18/03/2026
2411;CARRARO ARMAZENS GERAIS LTDA;76430438012340;8031;IRMAOS MUFFATO S.A-LONDRINA LJ123;LONDRINA;PR;4550,27;31/03/2026 08:28:44;31/03/2026;31/03/2026;13/04/2026 00:00:00;Faturado pela Matriz, entrega pela Carraro;13/04/2026
2320;CARRARO ARMAZENS GERAIS LTDA;76430438011025;7628;MUFFATO - LJ110 - CAMBÉ;CAMBÉ;PR;1469,83;27/02/2026 08:42:12;28/02/2026;02/03/2026;13/03/2026 00:00:00;;12/03/2026
2349;CARRARO ARMAZENS GERAIS LTDA;76430438015012;7816;IRMAOS MUFFATO S.A;FOZ DO IGUAÇU;PR;3674,57;16/03/2026 11:30:11;17/03/2026;17/03/2026;25/03/2026 00:00:00;;25/03/2026
2409;CARRARO ARMAZENS GERAIS LTDA;01632317000103;7978;SUPERMERCADO MANFRON;IVAI;PR;2066,33;30/03/2026 11:14:44;31/03/2026;31/03/2026;09/04/2026 00:00:00;;08/04/2026
2349;CARRARO ARMAZENS GERAIS LTDA;76430438006617;7819;MUFFATO - CASCAVEL - LOJA 66;CASCAVEL;PR;3674,57;16/03/2026 11:34:41;17/03/2026;17/03/2026;26/03/2026 00:00:00;Aguardando status de entrega do operador. SOLICITADO NO GRUPO.;30/03/2026
2411;CARRARO ARMAZENS GERAIS LTDA;76430438014636;8021;IRMAOS MUFFATO - PTA GROSSA OFICINAS 146;PONTA GROSSA;PR;11381,71;31/03/2026 08:28:25;31/03/2026;31/03/2026;16/04/2026 00:00:00;Faturado pela Matriz, entrega pela Carraro;11/04/2026
2383;CARRARO ARMAZENS GERAIS LTDA;75315333026094;7883;ATACADAO S.A - GUARAPUAVA-JD DOS ESTADOS;GUARAPUAVA;PR;39831,99;18/03/2026 17:31:52;27/03/2026;26/03/2026;31/03/2026 00:00:00;;31/03/2026
2352;CARRARO ARMAZENS GERAIS LTDA;82171018001273;7820;IRMAOS ZAT LTDA;UNIÃO DA VITÓRIA;PR;2718,35;16/03/2026 09:11:56;17/03/2026;17/03/2026;26/03/2026 00:00:00;;26/03/2026
2320;CARRARO ARMAZENS GERAIS LTDA;76430438006021;7629;IRMAO MUFFATO E CIA LTDA-APUCARANA LJ60;APUCARANA;PR;1469,83;27/02/2026 08:42:27;28/02/2026;02/03/2026;16/03/2026 00:00:00;;16/03/2026
2411;CARRARO ARMAZENS GERAIS LTDA;76430438010991;8020;MUFFATO  - FCO BELTRAO LJ 109;FRANCISCO BELTRÃO;PR;9110,77;31/03/2026 07:51:08;31/03/2026;31/03/2026;16/04/2026 00:00:00;Faturado pela Matriz, entrega pela Carraro;13/04/2026
2383;CARRARO ARMAZENS GERAIS LTDA;93209765039404;7884;ATACADÃO- GUARAPUAVA-CONRADINHO;GUARAPUAVA;PR;35134,69;18/03/2026 17:43:38;27/03/2026;26/03/2026;31/03/2026 00:00:00;;31/03/2026
2401;CARRARO ARMAZENS GERAIS LTDA;20678424000117;7968;H L COMERCIO PRESENTES LTDA;CAMPO MOURAO;PR;1218,87;31/03/2026 08:39:39;31/03/2026;31/03/2026;10/04/2026 00:00:00;;14/04/2026
2403;CARRARO ARMAZENS GERAIS LTDA;10171566000210;7924;SUPERMERCADO CATANIO;SARANDI;PR;2280,54;27/03/2026 10:20:35;31/03/2026;31/03/2026;09/04/2026 00:00:00;;10/04/2026
2320;CARRARO ARMAZENS GERAIS LTDA;76430438011459;7649;IRMAOS MUFFATO E CIA -CIANORTE LJ 114;CIANORTE;PR;587,93;27/02/2026 08:42:19;28/02/2026;02/03/2026;11/03/2026 00:00:00;;10/03/2026
2423;CARRARO ARMAZENS GERAIS LTDA;40826751000186;8097;VALDEIR DIAS FERREIRA - MELHOR DE MINAS;MATINHOS;PR;774,57;09/04/2026 18:52:06;13/04/2026;13/04/2026;17/04/2026 00:00:00;;16/04/2026
2349;CARRARO ARMAZENS GERAIS LTDA;76430438005726;7811;MUFFATO E CIA LTDA-CASCAVEL LOJA 57;CASCAVEL;PR;3674,57;16/03/2026 11:35:07;17/03/2026;17/03/2026;25/03/2026 00:00:00;;25/03/2026
2323;CARRARO ARMAZENS GERAIS LTDA;76430438008580;7612;IRMAOS MUFFATO CIA LTDA;ARAPONGAS;PR;18157,05;28/02/2026 07:45:11;28/02/2026;03/03/2026;11/03/2026 00:00:00;aguardando agendamento opl;11/03/2026
2413;CARRARO ARMAZENS GERAIS LTDA;77698017000431;8058;GCA - DISTRIB - SUPERM CAMILO - SARANDI;SARANDI;PR;2222,33;31/03/2026 17:18:32;01/04/2026;01/04/2026;10/04/2026 00:00:00;;09/04/2026
2375;CARRARO ARMAZENS GERAIS LTDA;93209765050645;7866;ATACADAO S.A-UMUARAMA PARQUE DANIELLE;UMUARAMA;PR;42038,05;18/03/2026 17:43:34;25/03/2026;25/03/2026;07/04/2026 00:00:00;Aguardando previsão de agenda com o OPL;07/04/2026
2349;CARRARO ARMAZENS GERAIS LTDA;76430438003782;7806;MUFFATO -  LONDRINA - LOJA 37;LONDRINA;PR;7349,15;16/03/2026 11:45:05;17/03/2026;17/03/2026;25/03/2026 00:00:00;;26/03/2026
2320;CARRARO ARMAZENS GERAIS LTDA;17982584000140;7660;MERCADO TAMAROZZI - J. M. TAMAROZZI;ALTÔNIA;PR;31605,68;27/02/2026 14:07:23;28/02/2026;05/03/2026;17/03/2026 00:00:00;;17/03/2026
2411;CARRARO ARMAZENS GERAIS LTDA;76430438015284;8024;IRMAOS MUFFATO S.A;CASTRO;PR;9178,39;31/03/2026 08:28:51;31/03/2026;31/03/2026;13/04/2026 00:00:00;Faturado pela Matriz, entrega pela Carraro;13/04/2026
2378;CARRARO ARMAZENS GERAIS LTDA;93209765052508;7870;ATACADAO S.A-TOLEDO-VILA BRASIL;TOLEDO;PR;35968,6;18/03/2026 17:30:26;26/03/2026;26/03/2026;13/04/2026 00:00:00;Aguardando previsão de agenda com o OPL;13/04/2026
2401;CARRARO ARMAZENS GERAIS LTDA;07732518001483;7966;LOJAS G;PARANAVAÍ;PR;1511,02;31/03/2026 08:44:28;31/03/2026;31/03/2026;10/04/2026 00:00:00;;10/04/2026
2403;CARRARO ARMAZENS GERAIS LTDA;48710902000148;7917;MALU IND E COM DE ALIMENTOS LTDA;APUCARANA;PR;4742,35;26/03/2026 08:42:14;31/03/2026;31/03/2026;09/04/2026 00:00:00;;08/04/2026
2402;CARRARO ARMAZENS GERAIS LTDA;80221013000553;7914;SUPERMERCADOS TOZETTO - NOVA RUSSIA;PONTA GROSSA;PR;644,78;26/03/2026 13:59:42;31/03/2026;31/03/2026;07/04/2026 00:00:00;;08/04/2026
2357;CARRARO ARMAZENS GERAIS LTDA;76430438014474;7844;IRMAOS MUFFATO S.A - LOJA 144;FOZ DO IGUAÇU;PR;3674,57;17/03/2026 07:35:29;20/03/2026;24/03/2026;08/04/2026 00:00:00;;08/04/2026
2323;CARRARO ARMAZENS GERAIS LTDA;76430438015012;7609;IRMAOS MUFFATO S.A;FOZ DO IGUAÇU;PR;15102,41;28/02/2026 07:35:21;28/02/2026;03/03/2026;11/03/2026 00:00:00;aguardando agendamento opl;11/03/2026
2401;CARRARO ARMAZENS GERAIS LTDA;77698017001322;7972;GCA DISTRIBUIDORA COMERCIO DE ALIMENTOS;MANDAGUAÇU;PR;584,95;31/03/2026 09:01:39;31/03/2026;31/03/2026;10/04/2026 00:00:00;;13/04/2026
2413;CARRARO ARMAZENS GERAIS LTDA;07732518000240;8053;ZANTARA UTILID DOM E PRESENTES LTDA;PONTA GROSSA;PR;1623,39;31/03/2026 08:40:24;01/04/2026;01/04/2026;07/04/2026 00:00:00;Entregue. Pendente canhoto.;09/04/2026
2357;CARRARO ARMAZENS GERAIS LTDA;76430438007508;7846;MUFFATO - CURITIBA - BAIRRO ALTO LOJA 75;CURITIBA;PR;7349,15;16/03/2026 11:52:06;20/03/2026;24/03/2026;30/03/2026 00:00:00;;30/03/2026
2349;CARRARO ARMAZENS GERAIS LTDA;76430438006536;7803;MUFFATO - MARINGÁ - LOJA 65;MARINGA;PR;3674,57;16/03/2026 11:43:52;17/03/2026;17/03/2026;25/03/2026 00:00:00;;25/03/2026
2391;CARRARO ARMAZENS GERAIS LTDA;93209765008878;7898;ATACADAO S.A CURITIBA COMENDADOR FRANCO;CURITIBA;PR;39278,74;18/03/2026 17:04:53;28/03/2026;28/03/2026;07/04/2026 00:00:00;Aguardando previsão de agenda com o OPL;07/04/2026
2320;CARRARO ARMAZENS GERAIS LTDA;07732518001050;7658;LOJA G - ZANTARA UTILIDADES DOM E PRESEN;ARAPONGAS;PR;2715,46;27/02/2026 08:40:45;28/02/2026;03/03/2026;13/03/2026 00:00:00;;16/03/2026
2403;CARRARO ARMAZENS GERAIS LTDA;10171566000130;7925;SUPERMERCADO CATANIO;MARINGA;PR;1470,58;27/03/2026 10:20:56;31/03/2026;31/03/2026;09/04/2026 00:00:00;;09/04/2026
2357;CARRARO ARMAZENS GERAIS LTDA;76430438011459;7841;IRMAOS MUFFATO E CIA -CIANORTE LJ 114;CIANORTE;PR;3674,57;17/03/2026 07:34:17;20/03/2026;24/03/2026;30/03/2026 00:00:00;;26/03/2026
2403;CARRARO ARMAZENS GERAIS LTDA;77863223000530;7923;HIPERMERCADO  C. VALE - PALOTINA;PALOTINA;PR;1551,73;27/03/2026 10:18:44;31/03/2026;31/03/2026;09/04/2026 00:00:00;;10/04/2026
2349;CARRARO ARMAZENS GERAIS LTDA;76430438015799;7818;IRMAOS MUFFATO S.A;UMUARAMA;PR;3674,57;16/03/2026 11:28:28;17/03/2026;17/03/2026;27/03/2026 00:00:00;;27/03/2026
2323;CARRARO ARMAZENS GERAIS LTDA;76430438012340;7614;IRMAOS MUFFATO S.A-LONDRINA LJ123;LONDRINA;PR;10251,49;28/02/2026 07:42:23;28/02/2026;03/03/2026;12/03/2026 00:00:00;aguardando agendamento opl;12/03/2026
2423;CARRARO ARMAZENS GERAIS LTDA;04908058000199;8093;CAMPODORO RISOTOLANDIA;ARAUCÁRIA;PR;615,42;09/04/2026 08:11:11;13/04/2026;13/04/2026;16/04/2026 00:00:00;;16/04/2026
2323;CARRARO ARMAZENS GERAIS LTDA;76430438006536;7621;MUFFATO - MARINGÁ - LOJA 65;MARINGA;PR;13366,6;28/02/2026 07:44:29;28/02/2026;03/03/2026;12/03/2026 00:00:00;aguardando agendamento opl;13/03/2026
2350;CARRARO ARMAZENS GERAIS LTDA;03644587001565;7784;SANCHES E VECCHIATE LTDA - BOX ATAC;FAXINAL;PR;5547,93;12/03/2026 18:04:19;16/03/2026;16/03/2026;25/03/2026 00:00:00;;25/03/2026
2403;CARRARO ARMAZENS GERAIS LTDA;80221013000200;7920;TOZETTO & CIA LTDA;PONTA GROSSA;PR;1277,08;26/03/2026 14:01:07;31/03/2026;31/03/2026;07/04/2026 00:00:00;AG. CARREGAMENTO;13/04/2026
2357;CARRARO ARMAZENS GERAIS LTDA;76430438007427;7843;MUFFATO -LONDRINA AM DEOLINDO GARLA LJ74;LONDRINA;PR;3674,57;17/03/2026 07:31:54;20/03/2026;24/03/2026;30/03/2026 00:00:00;;26/03/2026
2320;CARRARO ARMAZENS GERAIS LTDA;76430438005998;7656;SUPER MUFFATO - CAMBE LOJA 59;CAMBÉ;PR;734,91;27/02/2026 08:49:55;28/02/2026;02/03/2026;11/03/2026 00:00:00;;11/03/2026
2320;CARRARO ARMAZENS GERAIS LTDA;25210797000182;7627;LIMA E LIMA- C. D.A. E U. DOMESTICA;APUCARANA;PR;1661,37;27/02/2026 14:30:21;28/02/2026;03/03/2026;13/03/2026 00:00:00;;11/03/2026
2323;CARRARO ARMAZENS GERAIS LTDA;76430438009470;7602;MUFFATO -CASCAVEL - LOJA 94;CASCAVEL;PR;20628,12;28/02/2026 07:32:50;28/02/2026;02/03/2026;12/03/2026 00:00:00;12032026;12/03/2026
2385;CARRARO ARMAZENS GERAIS LTDA;75315333025870;7886;ATACADAO S.A CAMBE-JARDIM UNIAO;CAMBÉ;PR;24091,66;18/03/2026 17:35:02;27/03/2026;27/03/2026;13/04/2026 00:00:00;Aguardando previsão de agenda com o OPL;13/04/2026
2342;CARRARO ARMAZENS GERAIS LTDA;02927264000110;7760;MERCADO MARESIA;GUARATUBA;PR;645,05;10/03/2026 18:13:12;12/03/2026;12/03/2026;17/03/2026 00:00:00;;17/03/2026
2336;CARRARO ARMAZENS GERAIS LTDA;76430438012005;7734;MUFFATO M.AL CANDIDO RONDON LJ 120;M.AL CANDIDO RONDON;PR;4733,84;02/03/2026 09:56:30;11/03/2026;11/03/2026;18/03/2026 00:00:00;Solicitando agendamento.;18/03/2026
2323;CARRARO ARMAZENS GERAIS LTDA;76430438014474;7608;IRMAOS MUFFATO S.A - LOJA 144;FOZ DO IGUAÇU;PR;11234,51;28/02/2026 07:36:33;28/02/2026;02/03/2026;16/03/2026 00:00:00;Aguardando confirmação de agenda;16/03/2026
2320;CARRARO ARMAZENS GERAIS LTDA;26570059000109;7637;LOJAS G;LONDRINA;PR;3409,73;27/02/2026 08:40:56;28/02/2026;02/03/2026;11/03/2026 00:00:00;;04/03/2026
2401;CARRARO ARMAZENS GERAIS LTDA;77698017001675;7974;GCA - DISTRIBUIDORA COMERCIAL DE ALIMENT;COLORADO;PR;1015,53;31/03/2026 09:02:24;31/03/2026;31/03/2026;10/04/2026 00:00:00;;13/04/2026
2349;CARRARO ARMAZENS GERAIS LTDA;76430438010215;7809;MUFFATO - TOLEDO LOJA 102;TOLEDO;PR;3674,57;16/03/2026 11:33:07;17/03/2026;17/03/2026;07/04/2026 00:00:00;AG. CARREGAMENTO;07/04/2026
2411;CARRARO ARMAZENS GERAIS LTDA;76430438009047;8007;MUFFATO - FAZENDA RIO GRANDE - LOJA 90;FAZENDA RIO GRANDE;PR;28484,65;31/03/2026 08:27:59;31/03/2026;31/03/2026;15/04/2026 00:00:00;AG. CARREGAMENTO;15/04/2026
2320;CARRARO ARMAZENS GERAIS LTDA;07732518000592;7644;ZANTARA UTILI DOMESTICAS E PRES LTDA;TELÊMACO BORBA;PR;3328,78;27/02/2026 08:40:27;28/02/2026;03/03/2026;;;17/03/2026
2413;CARRARO ARMAZENS GERAIS LTDA;75984906000197;8057;COAGRO COOPERATIVA AGROINDUSTRIAL;CAPANEMA;PR;3125,34;31/03/2026 13:36:51;01/04/2026;01/04/2026;10/04/2026 00:00:00;;08/04/2026
2409;CARRARO ARMAZENS GERAIS LTDA;07732518001050;7979;LOJA G - ZANTARA UTILIDADES DOM E PRESEN;ARAPONGAS;PR;2782,24;31/03/2026 08:42:23;31/03/2026;31/03/2026;10/04/2026 00:00:00;;10/04/2026
2320;CARRARO ARMAZENS GERAIS LTDA;33545540000100;7647;LOJA DO REAL MIX;FOZ DO IGUAÇU;PR;4720,8;27/02/2026 14:31:14;28/02/2026;03/03/2026;13/03/2026 00:00:00;;12/03/2026
2320;CARRARO ARMAZENS GERAIS LTDA;76430438009390;7626;MUFFATO - ROLANDIA LOJA 93;ROLÂNDIA;PR;440,95;27/02/2026 08:49:53;28/02/2026;02/03/2026;18/03/2026 00:00:00;;18/03/2026
2357;CARRARO ARMAZENS GERAIS LTDA;76430438007001;7845;MUFFATO -  CURITIBA PINHEIRO - LOJA 70;CURITIBA;PR;7349,15;17/03/2026 09:13:56;20/03/2026;24/03/2026;26/03/2026 00:00:00;;26/03/2026
2320;CARRARO ARMAZENS GERAIS LTDA;76430438010991;7646;MUFFATO  - FCO BELTRAO LJ 109;FRANCISCO BELTRÃO;PR;587,93;27/02/2026 08:42:18;28/02/2026;02/03/2026;11/03/2026 00:00:00;;11/03/2026
2323;CARRARO ARMAZENS GERAIS LTDA;76430438005726;7601;MUFFATO E CIA LTDA-CASCAVEL LOJA 57;CASCAVEL;PR;8291,78;28/02/2026 07:33:06;28/02/2026;02/03/2026;13/03/2026 00:00:00;aguardando agendamento opl;16/03/2026
2342;CARRARO ARMAZENS GERAIS LTDA;76787902000181;7759;DISTRIBUIDORA DE DOCÊS JESUÍTAS LTDA;JESUITAS;PR;4488,17;10/03/2026 13:52:42;12/03/2026;11/03/2026;19/03/2026 00:00:00;;18/03/2026
2357;CARRARO ARMAZENS GERAIS LTDA;76430438009390;7838;MUFFATO - ROLANDIA LOJA 93;ROLÂNDIA;PR;3674,57;17/03/2026 07:32:29;20/03/2026;24/03/2026;01/04/2026 00:00:00;;31/03/2026
2401;CARRARO ARMAZENS GERAIS LTDA;07732518000169;7970;GIGA-LOJAS G;MARINGA;PR;2291,03;31/03/2026 08:38:16;31/03/2026;31/03/2026;10/04/2026 00:00:00;;09/04/2026
2386;CARRARO ARMAZENS GERAIS LTDA;75315333013510;7890;ATACADAO-PONTA GROSSA-VISCONDE DE TAUNAY;PONTA GROSSA;PR;51736;18/03/2026 16:47:57;28/03/2026;28/03/2026;31/03/2026 00:00:00;;31/03/2026
2323;CARRARO ARMAZENS GERAIS LTDA;76430438011610;7625;MUFFATO E CIA LTDA-PONTA GROSSA LJ 116;PONTA GROSSA;PR;6990,73;28/02/2026 07:53:24;28/02/2026;03/03/2026;19/03/2026 00:00:00;aguardando agendamento opl;18/03/2026
2403;CARRARO ARMAZENS GERAIS LTDA;80221013000391;7918;SUPERMERCADOS TOZETTO;PONTA GROSSA;PR;1481,23;26/03/2026 14:00:07;31/03/2026;31/03/2026;07/04/2026 00:00:00;;07/04/2026
2320;CARRARO ARMAZENS GERAIS LTDA;36039548000192;7634;A. MARTINS DA SILVA COM DE UTIL DOMEST;APUCARANA;PR;2830,15;27/02/2026 14:07:20;28/02/2026;02/03/2026;11/03/2026 00:00:00;;11/03/2026
2381;CARRARO ARMAZENS GERAIS LTDA;75315333026175;7877;ATACADAO S.A - UMUARAMA-PORTUGAL;UMUARAMA;PR;2659,72;23/03/2026 20:19:25;26/03/2026;24/03/2026;07/04/2026 00:00:00;Aguardando previsão de agenda com o OPL;07/04/2026
2342;CARRARO ARMAZENS GERAIS LTDA;11225390000114;7761;FANTACHOLE REPRESENTACOES LTDA;MANDAGUAÇU;PR;401,03;04/03/2026 09:09:11;12/03/2026;11/03/2026;;Aguardando previsão de agendamento do OPL;18/03/2026
2337;CARRARO ARMAZENS GERAIS LTDA;76430438008660;7735;MUFFATO - FOZ DO IGUACU - LOJA 86;FOZ DO IGUAÇU;PR;1422,03;02/03/2026 09:35:57;11/03/2026;11/03/2026;18/03/2026 00:00:00;Solicitando agendamento.;18/03/2026
2323;CARRARO ARMAZENS GERAIS LTDA;76430438010991;7607;MUFFATO  - FCO BELTRAO LJ 109;FRANCISCO BELTRÃO;PR;8792,98;28/02/2026 07:34:39;28/02/2026;02/03/2026;12/03/2026 00:00:00;aguardando agendamento opl;11/03/2026
2411;CARRARO ARMAZENS GERAIS LTDA;76430438005998;8011;SUPER MUFFATO - CAMBE LOJA 59;CAMBÉ;PR;7254,19;31/03/2026 08:28:08;31/03/2026;31/03/2026;13/04/2026 00:00:00;Faturado pela Matriz, entrega pela Carraro;13/04/2026
2413;CARRARO ARMAZENS GERAIS LTDA;07732518001130;8060;ZANTARA UTILIDADES DOM E PRES LTDA;LONDRINA;PR;5152,7;31/03/2026 08:43:41;01/04/2026;01/04/2026;10/04/2026 00:00:00;;09/04/2026
2336;CARRARO ARMAZENS GERAIS LTDA;76430438011610;7725;MUFFATO E CIA LTDA-PONTA GROSSA LJ 116;PONTA GROSSA;PR;5074,84;02/03/2026 09:35:42;11/03/2026;11/03/2026;02/04/2026 00:00:00;Sem saldo no portal;02/04/2026
2401;CARRARO ARMAZENS GERAIS LTDA;77698017001403;7973;GCA - DISTRIBUIDORA COMERCIAL DE ALIMENT;PARANAVAÍ;PR;1837,02;31/03/2026 09:02:02;31/03/2026;31/03/2026;10/04/2026 00:00:00;;10/04/2026
2323;CARRARO ARMAZENS GERAIS LTDA;76430438009390;7619;MUFFATO - ROLANDIA LOJA 93;ROLÂNDIA;PR;14545,98;28/02/2026 07:44:30;28/02/2026;03/03/2026;18/03/2026 00:00:00;aguardando agendamento opl;18/03/2026
2340;CARRARO ARMAZENS GERAIS LTDA;03051180000129;7765;COMERCIAL E DISTR DE DOCES ZANIN LTDA;CURITIBA;PR;2514,84;11/03/2026 14:11:32;12/03/2026;12/03/2026;;;13/03/2026
2415;CARRARO ARMAZENS GERAIS LTDA;07732518000835;8065;LOJAS G - JD. BELVAL - BARUERI;MARINGA;PR;5178,85;31/03/2026 15:25:20;01/04/2026;01/04/2026;10/04/2026 00:00:00;;10/04/2026
2357;CARRARO ARMAZENS GERAIS LTDA;76430438009047;7836;MUFFATO - FAZENDA RIO GRANDE - LOJA 90;FAZENDA RIO GRANDE;PR;7349,15;16/03/2026 11:51:10;20/03/2026;24/03/2026;27/03/2026 00:00:00;;27/03/2026
2378;CARRARO ARMAZENS GERAIS LTDA;75315333017850;7869;ATACADAO FOZ DO IGUACU-NELSON DA CUNHA;FOZ DO IGUAÇU;PR;49432,21;18/03/2026 17:19:40;26/03/2026;26/03/2026;13/04/2026 00:00:00;Aguardando previsão de agenda com o OPL;13/04/2026
2342;CARRARO ARMAZENS GERAIS LTDA;06057223054778;7756;SENDAS LJ 314 FOZ DO IGUAÇU-MONJOLO;FOZ DO IGUAÇU;PR;11740,01;10/03/2026 18:11:49;12/03/2026;11/03/2026;19/03/2026 00:00:00;;18/03/2026
2323;CARRARO ARMAZENS GERAIS LTDA;76430438002549;7604;MUFFATO -  FOZ DO IGUACU - LOJA 25;FOZ DO IGUAÇU;PR;8148,88;28/02/2026 07:33:40;28/02/2026;02/03/2026;11/03/2026 00:00:00;12032026;11/03/2026
2407;CARRARO ARMAZENS GERAIS LTDA;77698017000350;7931;GCA - DISTRIBUIDORA COMERCIAL DE ALIMENT;MARINGA;PR;1499,88;31/03/2026 08:59:42;31/03/2026;31/03/2026;10/04/2026 00:00:00;;13/04/2026
2400;CARRARO ARMAZENS GERAIS LTDA;06057223045353;7910;SENDAS-LJ215 MARIN SEMIN GLEBA PATRIMONI;MARINGA;PR;5680,95;25/03/2026 15:44:12;31/03/2026;31/03/2026;09/04/2026 00:00:00;AG. CARREGAMENTO;13/04/2026
2413;CARRARO ARMAZENS GERAIS LTDA;07858312000180;8056;BIGMAX COMERCIO DE UTILIDADES;ARAPONGAS;PR;1218,88;31/03/2026 10:45:34;01/04/2026;01/04/2026;13/04/2026 00:00:00;;13/04/2026
2323;CARRARO ARMAZENS GERAIS LTDA;76430438012005;7606;MUFFATO M.AL CANDIDO RONDON LJ 120;M.AL CANDIDO RONDON;PR;12239,99;28/02/2026 07:41:25;28/02/2026;02/03/2026;18/03/2026 00:00:00;Aguardando confirmação de entrega do operador.;18/03/2026
2336;CARRARO ARMAZENS GERAIS LTDA;75315333004287;7720;ATACADAO S.A.;MARINGA;PR;5012,24;02/03/2026 12:05:16;11/03/2026;11/03/2026;18/03/2026 00:00:00;Sem saldo no portal;19/03/2026
2320;CARRARO ARMAZENS GERAIS LTDA;76430438002549;7654;MUFFATO -  FOZ DO IGUACU - LOJA 25;FOZ DO IGUAÇU;PR;734,91;27/02/2026 08:42:16;28/02/2026;02/03/2026;13/03/2026 00:00:00;;13/03/2026
2320;CARRARO ARMAZENS GERAIS LTDA;07732518001211;7664;ZANTARA UTILIDADES DOMESTICAS E PRESENTE;CAMPO MOURAO;PR;4424,43;27/02/2026 08:40:19;28/02/2026;03/03/2026;;;13/03/2026
2400;CARRARO ARMAZENS GERAIS LTDA;06057223027452;7909;SENDAS -LJ 79 MARINGÁ- PARQUE INDUSTRIAL;MARINGA;PR;10518,89;25/03/2026 15:40:01;31/03/2026;31/03/2026;09/04/2026 00:00:00;;08/04/2026
2385;CARRARO ARMAZENS GERAIS LTDA;05334199000370;7888;SUPERMERCADO LIESCH LTDA;PALMAS;PR;7215,11;20/03/2026 15:08:20;27/03/2026;23/03/2026;06/04/2026 00:00:00;;07/04/2026
2328;PARCEIRO PR;81900227000357;7677;BATISTA & IZEPE LTDA;MARIALVA;PR;75900,95;03/03/2026 16:55:04;04/03/2026;04/03/2026;;;12/03/2026
2339;SEMALO FILIAL PR;79863890000115;7747;CENTER NORTE;PATO BRANCO;PR;4073,7;04/03/2026 08:20:44;11/03/2026;10/03/2026;;;12/03/2026
2348;SEMALO FILIAL PR;77716249000122;7780;N TONIAL & CIA LTDA;PALMAS;PR;2589,3;12/03/2026 14:35:14;16/03/2026;13/03/2026;;;17/03/2026
2398;SEMALO FILIAL PR;06057223040394;7905;SENDAS-LJ 195 CURITIBA-JK CID INDUSTRIAL;CURITIBA;PR;6620,68;25/03/2026 16:15:42;30/03/2026;30/03/2026;;;02/04/2026
2370;SEMALO FILIAL PR;05685057000195;7860;BAR E ARMAZEM DO CHIQUINHO;SÃO MATEUS DO SUL;PR;837,05;23/03/2026 09:19:45;24/03/2026;25/03/2026;;;26/03/2026
2388;SEMALO FILIAL PR;08355527001031;7960;DO VALE FILHO COMERCIAL DE ALIMENTOS LTD;FAZENDA RIO GRANDE;PR;386,88;27/03/2026 11:53:20;31/03/2026;31/03/2026;;;01/04/2026
2388;SEMALO FILIAL PR;08355527000906;7959;SUPERMERCADOS GOES - CAPAO RASO;CURITIBA;PR;297,2;27/03/2026 11:53:01;31/03/2026;31/03/2026;;;01/04/2026
2370;SEMALO FILIAL PR;12364137000708;7858;GRUPO E.M.O.P - PARTEKA VILA BELA;GUARAPUAVA;PR;6891,09;18/03/2026 07:58:33;24/03/2026;25/03/2026;;;25/03/2026
2371;SEMALO FILIAL PR;12364137000880;7861;GRUPO E.M.O.P DE SUPERMERCADOS LTDA;GUARAPUAVA;PR;6891,09;17/03/2026 17:49:11;24/03/2026;20/03/2026;;;26/03/2026
2346;SEMALO FILIAL PR;07275041000130;7779;COMERCIO DE SECOS E MOLHADOS IDEAL LTDA;TURVO;PR;3802,72;13/03/2026 15:03:08;14/03/2026;16/03/2026;;;17/03/2026
2339;SEMALO FILIAL PR;79863890000549;7749;CENTER BAIXADA;PATO BRANCO;PR;4073,7;04/03/2026 08:20:53;11/03/2026;10/03/2026;;;12/03/2026
2370;SEMALO FILIAL PR;12364137000457;7857;REDE PARTEKA DE SUPERMERCADOS LTDA;GUARAPUAVA;PR;6891,09;18/03/2026 16:07:05;24/03/2026;25/03/2026;;;25/03/2026
2339;SEMALO FILIAL PR;79863890001197;7745;CENTER AVENIDA;PATO BRANCO;PR;4342,78;04/03/2026 08:20:55;11/03/2026;10/03/2026;;;12/03/2026
2379;SEMALO FILIAL PR;61590070000131;7871;REAL LAR  - LOJA 16 CURITIBA-JOAO NEGRAO;CURITIBA;PR;3184,61;20/03/2026 09:11:25;26/03/2026;23/03/2026;;;27/03/2026
2430;SEMALO FILIAL PR;55633836000115;8112;BAR DO MANCO;CURITIBA;PR;450,78;16/04/2026 07:40:12;16/04/2026;16/04/2026;;;20/04/2026
2338;SEMALO FILIAL PR;06057223048530;7764;SENDAS-LJ 257 CURITIBA KENNEDY;CURITIBA;PR;1157,88;10/03/2026 08:04:47;12/03/2026;11/03/2026;;;13/03/2026
2338;SEMALO FILIAL PR;06057223040394;7763;SENDAS-LJ 195 CURITIBA-JK CID INDUSTRIAL;CURITIBA;PR;5088,66;10/03/2026 08:04:52;12/03/2026;12/03/2026;;;13/03/2026
2416;SEMALO FILIAL PR;93209765026345;8077;ATACADÃO - 855 CURITIBA WINSTON CHURCHIL;CURITIBA;PR;570,1;06/04/2026 17:32:46;08/04/2026;09/04/2026;;;09/04/2026
2398;SEMALO FILIAL PR;06057223048530;7903;SENDAS-LJ 257 CURITIBA KENNEDY;CURITIBA;PR;7757,06;25/03/2026 16:10:32;30/03/2026;30/03/2026;;;02/04/2026
2420;SEMALO FILIAL PR;93209765008878;8080;ATACADAO S.A CURITIBA COMENDADOR FRANCO;CURITIBA;PR;699,16;06/04/2026 17:33:11;08/04/2026;09/04/2026;;;09/04/2026
2397;SEMALO FILIAL PR;06057223048883;7902;SENDAS-LJ 259 CTBA ALTO DA XV-CRISTO REI;CURITIBA;PR;3804,95;25/03/2026 15:48:17;30/03/2026;30/03/2026;;;06/04/2026
2422;SEMALO FILIAL PR;26111004000130;8087;A C BERTO MARTINS COM DE ALIM E UTIL DOM;SARANDI;PR;4326,9;08/04/2026 10:34:39;10/04/2026;09/04/2026;;;14/04/2026
2345;SEMALO FILIAL PR;06057223024780;7774;SENDAS-LJ 71 LOND-TIRADENTES-JD ROSICLER;LONDRINA;PR;5086,79;10/03/2026 08:04:56;14/03/2026;12/03/2026;;;17/03/2026
2365;SEMALO FILIAL PR;80525306000109;7855;SUPERMERCADO GAZOLLA;NOVA ESPERANCA;PR;1948,88;17/03/2026 14:51:54;21/03/2026;23/03/2026;;;24/03/2026
2341;SEMALO FILIAL PR;06057223048883;7751;SENDAS-LJ 259 CTBA ALTO DA XV-CRISTO REI;CURITIBA;PR;4845,33;10/03/2026 18:11:52;11/03/2026;11/03/2026;;;12/03/2026
2422;SEMALO FILIAL PR;77432284000110;8088;JORGE GIACOMINI;RONDON;PR;4394,86;07/04/2026 16:25:19;10/04/2026;07/04/2026;;;14/04/2026
2422;SEMALO FILIAL PR;62534992000194;8086;REAL LIMA MARIALVA LTDA;MARIALVA;PR;3579,99;08/04/2026 10:33:26;10/04/2026;09/04/2026;;;13/04/2026
2388;SEMALO FILIAL PR;08355527000221;7963;DO VALE FILHO COMERCIAL DE ALIMENTOS LTD;SAO JOSE DOS PINHAISS;PR;280,88;27/03/2026 11:54:52;31/03/2026;31/03/2026;;;01/04/2026
2369;SEMALO FILIAL PR;14928028000106;7856;PANIFICADORA E CONFEITARIA SABRINA;SAO JOSE DOS PINHAISS;PR;353,44;18/03/2026 10:14:35;24/03/2026;20/03/2026;;;24/03/2026
2384;SEMALO FILIAL PR;81900227000357;7889;BATISTA & IZEPE LTDA;MARIALVA;PR;62784,16;24/03/2026 16:45:59;27/03/2026;25/03/2026;;;30/03/2026
2397;SEMALO FILIAL PR;06057223047488;7901;SENDAS -LJ 229 CURITIBA-ATUBA;CURITIBA;PR;6889,57;25/03/2026 16:09:17;30/03/2026;30/03/2026;;;31/03/2026
2388;SEMALO FILIAL PR;08355527000493;7957;DO VALE FILHO COMERCIAL DE ALIMENTOS LTD;CURITIBA;PR;331,29;27/03/2026 09:55:34;31/03/2026;31/03/2026;;;01/04/2026
2416;SEMALO FILIAL PR;93209765014096;8076;ATACADAO- CURITIBA BOA VISTA;CURITIBA;PR;570,1;06/04/2026 17:32:25;08/04/2026;09/04/2026;;;09/04/2026
2388;SEMALO FILIAL PR;08355527000140;7962;DO VALE FILHO COMERCIAL DE ALIMENTOS LTD;CURITIBA;PR;538,29;27/03/2026 11:54:34;31/03/2026;31/03/2026;;;02/04/2026
2345;SEMALO FILIAL PR;81900227000357;7773;BATISTA & IZEPE LTDA;MARIALVA;PR;30001,43;04/03/2026 09:27:28;14/03/2026;10/03/2026;;;16/03/2026
2430;SEMALO FILIAL PR;55633836000115;8111;BAR DO MANCO;CURITIBA;PR;460,5;16/04/2026 07:39:57;16/04/2026;16/04/2026;;;20/04/2026
2370;SEMALO FILIAL PR;05334199000108;7859;SUPERMERCADO LIESCH LTDA;GENERAL CARNEIRO;PR;2445,46;20/03/2026 14:20:17;24/03/2026;25/03/2026;;;26/03/2026
2345;SEMALO FILIAL PR;06057223034904;7775;SENDAS-LJ 162 LOND-SAUL CONJ.VIVI XAVIER;LONDRINA;PR;2387,64;10/03/2026 08:04:53;14/03/2026;12/03/2026;;;17/03/2026
2388;SEMALO FILIAL PR;08355527000574;7965;DO VALE FILHO COMERCIAL DE ALIMENTOS LTD;CURITIBA;PR;304,2;27/03/2026 11:55:27;31/03/2026;31/03/2026;;;01/04/2026
2430;SEMALO FILIAL PR;76189406008453;8113;GIGANTE PINHAIS;PINHAIS;PR;2769,78;16/04/2026 07:40:27;16/04/2026;16/04/2026;;;20/04/2026
2346;SEMALO FILIAL PR;01218000000125;7776;GUAPO DISTRIBUIDORA LTDA;PALMEIRA;PR;7471,37;10/03/2026 18:14:00;14/03/2026;12/03/2026;;;16/03/2026
2398;SEMALO FILIAL PR;06057223036796;7904;SENDAS - LJ 99 CURITIBA- PINHEIRINHO;CURITIBA;PR;17842,23;25/03/2026 16:12:37;30/03/2026;30/03/2026;;;31/03/2026
2356;SEMALO FILIAL PR;12364137000295;7834;GRUPO E M O P DE SUPERMERCADOS LTDA;GUARAPUAVA;PR;7512,14;18/03/2026 08:02:42;18/03/2026;18/03/2026;;;20/03/2026
2339;SEMALO FILIAL PR;79863890001278;7744;CENTER SUL;PATO BRANCO;PR;4073,7;04/03/2026 08:20:41;11/03/2026;10/03/2026;;;13/03/2026
2422;SEMALO FILIAL PR;46528955000117;8089;REAL LAR CAMPO MOURAO- HARRISON J BORGES;CAMPO MOURAO;PR;5312,12;07/04/2026 14:20:55;10/04/2026;09/04/2026;;;14/04/2026
2382;SEMALO FILIAL PR;47157258000160;7878;R R CAETANO REPRESENTACAO COMERCIAL;PONTAL DO PARANA;PR;411,38;25/03/2026 18:03:04;26/03/2026;26/03/2026;;;27/03/2026
2410;SEMALO FILIAL PR;81900227000357;8000;BATISTA & IZEPE LTDA;MARIALVA;PR;79550,95;28/03/2026 09:30:24;31/03/2026;31/03/2026;08/04/2026 00:00:00;;07/04/2026
2382;SEMALO FILIAL PR;40826751000186;7880;VALDEIR DIAS FERREIRA - MELHOR DE MINAS;MATINHOS;PR;3188,98;25/03/2026 16:05:51;26/03/2026;26/03/2026;;;
2365;SEMALO FILIAL PR;01218000000125;7854;GUAPO DISTRIBUIDORA LTDA;PALMEIRA;PR;1334,84;18/03/2026 16:09:26;21/03/2026;23/03/2026;;;23/03/2026
2388;SEMALO FILIAL PR;08355527000655;7958;DO VALE FILHO COMERCIAL DE ALIMENTOS LTD;SAO JOSE DOS PINHAISS;PR;318,99;27/03/2026 11:52:35;31/03/2026;31/03/2026;;;02/04/2026
2339;SEMALO FILIAL PR;79863890000972;7746;CENTER COMPRÃO;PATO BRANCO;PR;8367,27;04/03/2026 08:20:46;11/03/2026;10/03/2026;;;13/03/2026
2330;SEMALO FILIAL PR;21169148000124;7682;SUPER ATACADO SA;RENASCENÇA;PR;6943;05/03/2026 15:54:31;05/03/2026;05/03/2026;;;06/03/2026
2373;SEMALO FILIAL PR;81900227000357;8073;BATISTA & IZEPE LTDA;MARIALVA;PR;31494,78;24/03/2026 16:46:15;07/04/2026;07/04/2026;08/04/2026 00:00:00;;08/04/2026
2388;SEMALO FILIAL PR;08355527001201;7961;DO VALE FILHO COMERCIAL DE ALIMENTOS LTD;CURITIBA;PR;216,05;27/03/2026 11:54:14;31/03/2026;31/03/2026;;;01/04/2026
2428;SEMALO FILIAL PR;43765795000131;8107;J. SOUZA ALIMENTICIOS LTDA;CASCAVEL;PR;16569,46;13/04/2026 07:34:38;14/04/2026;14/04/2026;16/04/2026 00:00:00;;16/04/2026
2419;SEMALO FILIAL PR;39423901000121;8071;PANIFICADORA BIG PAO;CURITIBA;PR;15817,03;06/04/2026 10:11:22;07/04/2026;07/04/2026;;;07/04/2026
2364;SEMALO FILIAL PR;12364137000376;7850;GRUPO E.M.O.P- PARTEKA CONRADINHO;GUARAPUAVA;PR;14506,78;21/03/2026 10:22:32;21/03/2026;23/03/2026;;;23/03/2026
2338;SEMALO FILIAL PR;06057223036796;7762;SENDAS - LJ 99 CURITIBA- PINHEIRINHO;CURITIBA;PR;4238,45;10/03/2026 07:54:03;12/03/2026;12/03/2026;;;13/03/2026
2416;SEMALO FILIAL PR;75315333022269;8074;ATACADAO-SÃO JOSE DOS PINHAIS-AGUAS BELA;SAO JOSE DOS PINHAISS;PR;570,1;06/04/2026 17:32:19;08/04/2026;09/04/2026;;;09/04/2026
2365;SEMALO FILIAL PR;12364137000538;7852;GRUPO E.M.O.P - REDE PARTEKA SANTA CRUZ;GUARAPUAVA;PR;7926,19;18/03/2026 07:52:58;21/03/2026;18/03/2026;;;25/03/2026
2365;SEMALO FILIAL PR;46494411000181;7853;REAL LAR  - LOJA 06 PONTA GROSSA;PONTA GROSSA;PR;4464,57;20/03/2026 10:06:30;21/03/2026;23/03/2026;;;23/03/2026
2382;SEMALO FILIAL PR;18621636000116;7879;MINIMERCADO OLIVEIRA;PARANAGUA;PR;688,27;25/03/2026 10:19:54;26/03/2026;26/03/2026;;;27/03/2026
2346;SEMALO FILIAL PR;80213705000126;7778;COMERCIAL DE SECOS E MOLHADOS DAL POZZO;GUARAPUAVA;PR;3067,47;13/03/2026 15:02:49;14/03/2026;16/03/2026;;;17/03/2026
2380;SEMALO FILIAL PR;52333210000103;7874;NOVAX DISTRIBUIDORA LTDA;AGUAS MORNAS;SC;2515,4;26/03/2026 17:05:18;26/03/2026;25/03/2026;;;27/03/2026
2374;SEMALO FILIAL PR;43765795000131;7864;J. SOUZA ALIMENTICIOS LTDA;CASCAVEL;PR;35341,65;24/03/2026 10:36:02;25/03/2026;25/03/2026;;;26/03/2026
2339;SEMALO FILIAL PR;79863890000468;7748;CENTER CENTRO;PATO BRANCO;PR;4073,7;04/03/2026 08:20:49;11/03/2026;10/03/2026;;;12/03/2026
2341;SEMALO FILIAL PR;06057223047488;7750;SENDAS -LJ 229 CURITIBA-ATUBA;CURITIBA;PR;3681,56;10/03/2026 08:04:49;11/03/2026;11/03/2026;;;12/03/2026
2356;SEMALO FILIAL PR;03644587000836;7833;BOX ATACADISTA;STO ANTONIO PLATINA;PR;14056,86;17/03/2026 17:19:37;18/03/2026;19/03/2026;;;19/03/2026
2346;SEMALO FILIAL PR;57256953000132;7777;DF DISTRIBUIDORA DE ALIMENTOS LTDA;IRATI;PR;3456,24;02/03/2026 12:04:24;14/03/2026;12/03/2026;;;16/03/2026
2416;SEMALO FILIAL PR;75315333028704;8079;ATACADAO PINHAIS-SENADOR SALGADO FILHO;BARUERI;SP;570,1;06/04/2026 17:32:54;08/04/2026;09/04/2026;;;09/04/2026
2408;SEMALO FILIAL PR;81900227000357;7956;BATISTA & IZEPE LTDA;MARIALVA;PR;58213,56;24/03/2026 16:46:31;31/03/2026;31/03/2026;01/04/2026 00:00:00;;01/04/2026
2416;SEMALO FILIAL PR;93209765025454;8078;ATACADAO S.A-CURITIBA - VEREADOR TOALDO;CURITIBA;PR;570,1;06/04/2026 17:33:01;08/04/2026;09/04/2026;;;09/04/2026
2324;TRANS GAUCHO;76430438009128;7593;MUFFATO - ARAUCARIA - LOJA 91;ARAUCÁRIA;PR;13269,14;28/02/2026 07:56:26;28/02/2026;04/03/2026;13/03/2026 00:00:00;Aguardando confirmação de agendamento. Realizado dia 02/03;13/03/2026
2326;TRANS GAUCHO;76430438011106;7702;MUFFATO  - COLOMBO LJ 111;COLOMBO;PR;5511,08;02/03/2026 09:45:58;11/03/2026;09/03/2026;25/03/2026 00:00:00;Aguardando previsão de agendamento do OPL;25/03/2026
2322;TRANS GAUCHO;76430438006706;7589;MUFFATO - PARANAGUA -LOJA 67;PARANAGUA;PR;7744,43;28/02/2026 07:49:18;28/02/2026;03/03/2026;17/03/2026 00:00:00;Aguardando confirmação de agendamento. Realizado dia 02/03;12/03/2026
2326;TRANS GAUCHO;76430438012269;7697;MUFFATO & CIA LTDA-CURITIBA LJ 122;CURITIBA;PR;4008,32;02/03/2026 09:35:37;11/03/2026;09/03/2026;20/03/2026 00:00:00;Aguardando previsão de agendamento do OPL;20/03/2026
2324;TRANS GAUCHO;76430438009047;7592;MUFFATO - FAZENDA RIO GRANDE - LOJA 90;FAZENDA RIO GRANDE;PR;13397,37;28/02/2026 07:56:28;28/02/2026;02/03/2026;18/03/2026 00:00:00;Aguardando confirmação de agendamento. Realizado dia 02/03;18/03/2026
2354;TRANS GAUCHO;76430438008903;7831;IRMAOS MUFFATO CIA LTDA;PINHAIS;PR;3674,57;16/03/2026 11:56:37;17/03/2026;17/03/2026;;;20/03/2026
2326;TRANS GAUCHO;76430438015365;7699;IRMAOS MUFFATO S.A;CURITIBA;PR;778,84;02/03/2026 09:46:30;11/03/2026;09/03/2026;19/03/2026 00:00:00;Aguardando agenda.;19/03/2026
2351;TRANS GAUCHO;08355527001031;7796;DO VALE FILHO COMERCIAL DE ALIMENTOS LTD;FAZENDA RIO GRANDE;PR;748,98;12/03/2026 18:15:50;16/03/2026;16/03/2026;25/03/2026 00:00:00;;25/03/2026
2326;TRANS GAUCHO;76430438009128;7704;MUFFATO - ARAUCARIA - LOJA 91;ARAUCÁRIA;PR;2272,56;02/03/2026 09:45:54;11/03/2026;09/03/2026;20/03/2026 00:00:00;Entregue. Pendente canhoto.;27/03/2026
2399;TRANS GAUCHO;93209765025454;7906;ATACADAO S.A-CURITIBA - VEREADOR TOALDO;CURITIBA;PR;40475,34;18/03/2026 17:03:19;30/03/2026;31/03/2026;;Aguardando previsão de entrega com o OPL;06/04/2026
2324;TRANS GAUCHO;76430438007001;7597;MUFFATO -  CURITIBA PINHEIRO - LOJA 70;CURITIBA;PR;6666,43;28/02/2026 07:56:35;28/02/2026;02/03/2026;13/03/2026 00:00:00;Aguardando confirmação de agendamento. Realizado dia 02/03;13/03/2026
2324;TRANS GAUCHO;76430438011378;7595;MUFFATO-C LARGO - LOJA 113;CAMPO LARGO;PR;8913,88;28/02/2026 08:19:19;28/02/2026;05/03/2026;09/03/2026 00:00:00;Aguardando confirmação de agendamento. Realizado dia 02/03;09/03/2026
2326;TRANS GAUCHO;76430438008903;7700;IRMAOS MUFFATO CIA LTDA;PINHAIS;PR;5195,1;02/03/2026 09:35:55;11/03/2026;09/03/2026;20/03/2026 00:00:00;Aguardando previsão de agendamento do OPL;20/03/2026
2351;TRANS GAUCHO;40826751000186;7798;VALDEIR DIAS FERREIRA - MELHOR DE MINAS;MATINHOS;PR;1561,28;13/03/2026 15:04:31;16/03/2026;16/03/2026;27/03/2026 00:00:00;;25/03/2026
2322;TRANS GAUCHO;76430438014555;7590;IRMAOS MUFFATO S.A;CURITIBA;PR;6904,78;28/02/2026 07:52:40;28/02/2026;02/03/2026;11/03/2026 00:00:00;Aguardando confirmação de agendamento. Realizado dia 02/03;11/03/2026
2351;TRANS GAUCHO;76189406008453;7800;GIGANTE PINHAIS;PINHAIS;PR;1302,84;13/03/2026 15:06:51;16/03/2026;16/03/2026;;;19/03/2026
2354;TRANS GAUCHO;76430438011378;7829;MUFFATO-C LARGO - LOJA 113;CAMPO LARGO;PR;3674,57;16/03/2026 12:48:54;17/03/2026;17/03/2026;;;20/03/2026
2354;TRANS GAUCHO;76430438012269;7828;MUFFATO & CIA LTDA-CURITIBA LJ 122;CURITIBA;PR;3674,57;16/03/2026 11:54:56;17/03/2026;17/03/2026;;;20/03/2026
2324;TRANS GAUCHO;76430438007699;7598;IRMAOS MUFFATO CIA LTDA;CURITIBA;PR;8479,4;28/02/2026 07:56:31;28/02/2026;02/03/2026;10/03/2026 00:00:00;Aguardando confirmação de agendamento. Realizado dia 02/03;10/03/2026
2354;TRANS GAUCHO;76430438015365;7826;IRMAOS MUFFATO S.A;CURITIBA;PR;3674,57;16/03/2026 11:53:54;17/03/2026;17/03/2026;;;19/03/2026
2354;TRANS GAUCHO;76430438011106;7830;MUFFATO  - COLOMBO LJ 111;COLOMBO;PR;3674,57;16/03/2026 11:55:43;17/03/2026;17/03/2026;25/03/2026 00:00:00;;25/03/2026
2351;TRANS GAUCHO;42377682000104;7799;JAIR LEANDRO DE OLIVEIRA;PARANAGUA;PR;2339,25;07/03/2026 07:18:54;16/03/2026;11/03/2026;;Entregue. Pendente canhoto.;24/03/2026
2322;TRANS GAUCHO;76430438007508;7586;MUFFATO - CURITIBA - BAIRRO ALTO LOJA 75;CURITIBA;PR;8040,13;28/02/2026 07:46:13;28/02/2026;02/03/2026;11/03/2026 00:00:00;Aguardando confirmação de agendamento. Realizado dia 02/03;11/03/2026
2322;TRANS GAUCHO;76430438012269;7591;MUFFATO & CIA LTDA-CURITIBA LJ 122;CURITIBA;PR;2959,44;28/02/2026 07:53:06;28/02/2026;02/03/2026;20/03/2026 00:00:00;Aguardando confirmação de agendamento. Realizado dia 02/03;20/03/2026
2324;TRANS GAUCHO;76430438011106;7594;MUFFATO  - COLOMBO LJ 111;COLOMBO;PR;9054,03;28/02/2026 07:56:24;28/02/2026;02/03/2026;12/03/2026 00:00:00;Aguardando confirmação de agendamento. Realizado dia 02/03;10/03/2026
2322;TRANS GAUCHO;76430438007931;7587;MUFFATO  - SAO JOSE DOS PINHAIS  LOJA 79;SAO JOSE DOS PINHAISS;PR;8093,2;28/02/2026 07:46:48;28/02/2026;02/03/2026;16/03/2026 00:00:00;Aguardando confirmação de agendamento. Realizado dia 02/03;11/03/2026
2354;TRANS GAUCHO;76430438006706;7825;MUFFATO - PARANAGUA -LOJA 67;PARANAGUA;PR;3674,57;16/03/2026 11:52:32;17/03/2026;17/03/2026;;Entregue. Pendente canhoto.;24/03/2026
2335;TRANS GAUCHO;93209765015300;7717;ATACADAO SA CURITIBA XAXIM;CURITIBA;PR;1176,67;02/03/2026 12:04:16;11/03/2026;10/03/2026;20/03/2026 00:00:00;Sem saldo no portal.;20/03/2026
2322;TRANS GAUCHO;76430438008903;7588;IRMAOS MUFFATO CIA LTDA;PINHAIS;PR;9122,74;28/02/2026 07:47:04;28/02/2026;02/03/2026;16/03/2026 00:00:00;Aguardando confirmação de agendamento. Realizado dia 02/03;13/03/2026
2326;TRANS GAUCHO;76430438009047;7707;MUFFATO - FAZENDA RIO GRANDE - LOJA 90;FAZENDA RIO GRANDE;PR;5248,81;02/03/2026 09:42:44;11/03/2026;09/03/2026;18/03/2026 00:00:00;Aguardando previsão de agendamento do OPL;18/03/2026
2351;TRANS GAUCHO;08355527001201;7797;DO VALE FILHO COMERCIAL DE ALIMENTOS LTD;CURITIBA;PR;241,8;12/03/2026 17:59:51;16/03/2026;16/03/2026;;;20/03/2026
2326;TRANS GAUCHO;76430438007699;7701;IRMAOS MUFFATO CIA LTDA;CURITIBA;PR;2899,48;02/03/2026 09:46:25;11/03/2026;09/03/2026;19/03/2026 00:00:00;Aguardando previsão de agendamento do OPL;19/03/2026
2399;TRANS GAUCHO;93209765015300;7907;ATACADAO SA CURITIBA XAXIM;CURITIBA;PR;42330,82;18/03/2026 17:07:37;30/03/2026;31/03/2026;07/04/2026 00:00:00;Aguardando previsão de entrega com o OPL;07/04/2026
2351;TRANS GAUCHO;44303740000172;7793;BOREAL COMERCIO DE ALIMENTOS LTDA;ARAUCÁRIA;PR;488,5;13/03/2026 15:03:25;16/03/2026;16/03/2026;;;20/03/2026
2326;TRANS GAUCHO;76430438007001;7703;MUFFATO -  CURITIBA PINHEIRO - LOJA 70;CURITIBA;PR;4231,67;02/03/2026 09:46:27;11/03/2026;09/03/2026;20/03/2026 00:00:00;Entregue. Pendente canhoto.;27/03/2026
2335;TRANS GAUCHO;75315333030016;7711;ATACADAO-CURITIBA-PRES WENCESLAU BRAZ;CURITIBA;PR;1043,42;02/03/2026 12:04:06;11/03/2026;10/03/2026;17/03/2026 00:00:00;Aguardando previsão de agendamento do OPL;17/03/2026
2354;TRANS GAUCHO;76430438007931;7824;MUFFATO  - SAO JOSE DOS PINHAIS  LOJA 79;SAO JOSE DOS PINHAISS;PR;3674,57;16/03/2026 11:51:43;17/03/2026;17/03/2026;;;10/03/2026
2351;TRANS GAUCHO;08355527000655;7795;DO VALE FILHO COMERCIAL DE ALIMENTOS LTD;SAO JOSE DOS PINHAISS;PR;258,23;12/03/2026 18:02:07;16/03/2026;16/03/2026;25/03/2026 00:00:00;;25/03/2026
2326;TRANS GAUCHO;76430438011378;7708;MUFFATO-C LARGO - LOJA 113;CAMPO LARGO;PR;3555,17;02/03/2026 09:55:50;11/03/2026;09/03/2026;20/03/2026 00:00:00;Aguardando previsão de agendamento do OPL;20/03/2026
2396;TRANS GAUCHO;93209765044670;7900;ATACADAO- CURITIBA-JOÃO BETTEGA( PORTAO);CURITIBA;PR;27728,19;18/03/2026 17:06:21;30/03/2026;30/03/2026;07/04/2026 00:00:00;Aguardando previsão de entrega com o OPL;07/04/2026
2326;TRANS GAUCHO;76430438007508;7706;MUFFATO - CURITIBA - BAIRRO ALTO LOJA 75;CURITIBA;PR;6086,29;02/03/2026 09:46:26;11/03/2026;09/03/2026;19/03/2026 00:00:00;Aguardando previsão de agendamento do OPL;19/03/2026
2351;TRANS GAUCHO;08355527000221;7794;DO VALE FILHO COMERCIAL DE ALIMENTOS LTD;SAO JOSE DOS PINHAISS;PR;436,17;12/03/2026 18:03:32;16/03/2026;16/03/2026;;;25/03/2026
;;;;;;;2.587.439,72;;;;;;
